id,cpf,nome,valor,vencimento,pago
B249422156116675,417.852.039-32,Maysa Lima,924.36,2026-06-07,True
B249422156116675,417.852.039-32,Maysa Lima,924.36,2026-06-07,True
B061595580630328,462.751.903-61,João Pedro Novais,453.84,2026-06-07,False
B887613472164070,145.780.629-02,Paulo Porto,137.79,2026-06-07,True
B134626199962308,245.731.986-28,Bárbara Porto,304.92,2026-06-07,False
B714202749269416,152.349.087-04,Dr. Anthony Araújo,613.62,2026-06-07,False
B497060858059971,763.981.450-20,Gael Ramos,657.85,2026-06-07,False
B570346375976994,429.365.018-06,Ana Laura Peixoto,428.39,2026-06-07,True
B102547554055097,587.096.423-74,Stephany da Mota,298.86,2026-06-07,True
B665912182848187,635.792.814-37,Ryan Andrade,444.5,2026-06-07,False
B784526132773225,597.183.624-28,Dr. Renan Freitas,499.07,2026-06-07,False
B212373187257686,215.076.384-26,Maria Julia Vasconcelos,409.37,2026-06-07,True
B026051991079903,507.294.681-94,Daniel das Neves,932.16,2026-06-07,False
B017518592133945,298.710.346-87,Pedro Henrique Novaes,41.17,2026-06-07,True
B048716831192906,249.607.381-03,Dra. Eloah Carvalho,903.16,2026-06-07,True
B406200480915808,894.263.501-60,Matteo Silva,851.22,2026-06-07,False
B820088439787464,048.375.192-88,Ryan Cunha,468.61,2026-06-07,True
B477191565643275,679.518.032-86,João Lucas Marques,515.75,2026-06-07,True
B488849734954772,758.391.264-46,Davi Luiz Castro,172.7,2026-06-07,True
B587756761051110,407.653.289-92,Raquel Cavalcanti,145.93,2026-06-07,False
B758790856908277,731.269.508-68,Mariana Barros,250.8,2026-06-07,True
B219158546890169,461.879.305-84,Maysa Rios,381.56,2026-06-07,True
B288418925476230,631.472.850-90,Bernardo Nunes,941.32,2026-06-07,True
B483459921682866,078.962.413-31,Felipe Ramos,858.99,2026-06-07,True
B382019206918525,412.068.739-22,Danilo Rodrigues,840.48,2026-06-07,False
B117752259437549,063.781.925-02,Manuella Oliveira,63.26,2026-06-07,False
B547986774403090,786.152.493-00,Manuela Carvalho,883.42,2026-06-07,True
B726680710207221,609.753.824-38,Emanuel Caldeira,300.96,2026-06-07,False
B118454681769426,310.746.582-80,Allana Mendes,326.32,2026-06-07,False
B884935919221942,498.760.513-93,Maria Julia Rocha,617.41,2026-06-07,True
B046953786601252,976.283.054-74,Enzo Oliveira,533.64,2026-06-07,True
B708620294894474,139.026.758-02,Vinicius Borges,455.18,2026-06-07,True
B871959518211972,846.327.015-80,Sabrina Fogaça,379.45,2026-06-07,True
B669780354857705,067.435.892-92,Srta. Ana Beatriz Teixeira,623.55,2026-06-07,False
B727615175230009,893.456.721-09,Dra. Alana Rios,414.94,2026-06-07,True
B745575209174104,028.617.953-95,Noah Andrade,953.58,2026-06-07,False
B056273881128474,821.739.465-28,Pietro Sousa,757.74,2026-06-07,True
B119619193349604,071.346.985-48,Liz da Paz,32.98,2026-06-07,False
B385300753829203,753.168.042-44,Oliver Correia,346.22,2026-06-07,False
B541645363798499,175.940.628-76,Maria Julia Fogaça,495.77,2026-06-07,False
B722963381743390,706.598.243-29,Marcos Vinicius Teixeira,548.0,2026-06-07,True
B548511047024428,014.372.895-41,Sr. Joaquim Cunha,527.92,2026-06-07,False
B473189540189660,145.738.069-20,Ana Lívia Novaes,726.5,2026-06-07,True
B912513660360055,902.854.376-74,Davi Miguel Albuquerque,772.86,2026-06-07,True
B823382282589188,762.834.195-00,Ana Cecília Abreu,974.76,2026-06-07,False
B474735738063508,314.876.590-75,Joaquim Cassiano,683.83,2026-06-07,False
B687223572026723,128.964.370-96,Cecília Silva,18.01,2026-06-07,True
B856409478603474,750.864.213-90,Léo Borges,511.41,2026-06-07,True
B541839446577631,145.879.023-14,Maria Alice Macedo,906.19,2026-06-07,True
B265579992903491,327.581.406-08,Vitor Nogueira,596.97,2026-06-07,True
B186458401695115,046.813.729-78,Bárbara Silveira,585.81,2026-06-07,False
B883725190959977,092.581.634-51,Julia Sales,21.16,2026-06-07,True
B158615569343065,830.254.617-80,Igor Souza,493.38,2026-06-07,True
B552409914939123,926.843.751-19,Srta. Helena Marques,37.94,2026-06-07,True
B433309248823690,386.509.217-95,Mariana Barbosa,931.13,2026-06-07,False
B012087529969392,510.697.832-77,Maria Luísa Freitas,29.38,2026-06-07,False
B060542849371159,673.428.095-00,Ana Laura da Rocha,392.73,2026-06-07,False
B835385028705870,159.827.403-14,Theo Porto,379.16,2026-06-07,True
B134174746334413,950.347.621-61,Erick Pimenta,887.49,2026-06-07,False
B891889073417848,158.634.092-15,Maria Cecília Moraes,29.09,2026-06-07,False
B271238284021059,659.728.031-86,Lucas Casa Grande,179.91,2026-06-07,False
B420273139351401,760.435.812-80,Fernando Farias,40.96,2026-06-07,True
B991145927560068,493.850.261-51,Maya Sá,664.36,2026-06-07,False
B310965027434462,182.739.054-97,Srta. Lunna Ramos,34.39,2026-06-07,False
B214245948682537,053.792.641-07,Dra. Sara Costa,437.39,2026-06-07,True
B252903796591302,438.917.605-66,Bruna Costa,71.61,2026-06-07,True
B120909407802865,043.786.291-78,Bruno da Conceição,781.24,2026-06-07,True
B614068911633765,259.813.674-82,Dra. Camila Aragão,503.9,2026-06-07,False
B737816428261275,506.813.924-60,Sr. Alexandre Alves,690.59,2026-06-07,True
B428438066516122,735.408.129-97,Antonella Peixoto,282.54,2026-06-07,True
B212964005692098,635.708.941-93,Dra. Ana Cirino,906.2,2026-06-07,False
B483517649069144,257.496.810-76,Bruno Souza,169.0,2026-06-07,False
B754929918210682,561.082.394-33,Srta. Ester da Conceição,940.63,2026-06-07,True
B449626881625610,581.739.046-93,Caroline Sá,547.41,2026-06-07,False
B630854834925878,879.653.402-83,Sr. Yago Leão,652.56,2026-06-07,True
B584057295429704,230.174.856-17,Alícia Sá,542.32,2026-06-07,False
B602888951761135,463.175.902-06,Esther Câmara,870.3,2026-06-07,True
B656430201358007,814.659.037-39,Dra. Ana Beatriz Souza,147.51,2026-06-07,True
B758366073150229,698.213.507-12,Dra. Ester Casa Grande,913.74,2026-06-07,True
B283828924405522,071.869.435-00,Hadassa da Mota,111.98,2026-06-07,False
B823270726140328,984.167.502-11,Joaquim Aparecida,824.81,2026-06-07,True
B032587174992557,329.156.780-30,Lorenzo Mendonça,99.09,2026-06-07,False
B803743571934902,689.213.750-40,Srta. Isabel Brito,590.83,2026-06-07,False
B188098467887461,921.430.578-14,Luiza da Rosa,13.54,2026-06-07,True
B796515892762970,461.832.079-69,Sr. Pedro Lucas Garcia,504.05,2026-06-07,True
B417615084561376,194.726.350-16,Thales Araújo,416.56,2026-06-07,False
B694644366843883,419.723.506-25,Maria Luiza Pinto,790.22,2026-06-07,True
B225733520287223,261.854.079-49,Cauê Fernandes,485.41,2026-06-07,False
B994579922106213,427.093.615-07,Luiz Otávio Nunes,522.73,2026-06-07,False
B739263939161676,439.085.627-83,Benicio Costela,633.49,2026-06-07,False
B234910602508305,309.584.216-33,Carolina Pacheco,902.64,2026-06-07,True
B945966748117008,517.849.602-76,Liz Cavalcanti,879.76,2026-06-07,False
B225631880088944,052.396.847-74,Luiza Albuquerque,643.26,2026-06-07,False
B784993963048299,576.028.149-67,André Moura,614.35,2026-06-07,True
B094648013370537,298.314.760-69,Stella Pires,922.63,2026-06-07,True
B360943719529385,527.396.810-03,Marina Silveira,839.46,2026-06-07,True
B658794005994734,627.983.054-38,Marcela Fernandes,941.32,2026-06-07,False
B686149022295400,923.487.150-23,Luísa Rodrigues,864.36,2026-06-07,False
B408036203277104,047.128.963-96,Maria Alice Sales,307.26,2026-06-07,False
B608500862370570,978.430.652-29,Yuri Lopes,762.28,2026-06-07,False
B814086168226487,732.056.981-77,Bento Martins,269.47,2026-06-07,True
B561529733572487,254.198.673-46,Vitor Sá,548.63,2026-06-07,True
B998540396440944,361.459.708-39,Felipe Castro,802.48,2026-06-07,True
B745053234996300,463.975.280-65,Joana Sá,364.2,2026-06-07,True
B344185539568421,857.061.934-01,Stephany da Cruz,447.62,2026-06-07,True
B978117764721334,489.365.270-29,Dr. Isaac Cirino,694.43,2026-06-07,False
B246568923613045,458.190.762-49,Ana Laura Nascimento,508.62,2026-06-07,False
B138907880668568,619.457.082-20,Ana Laura Pacheco,302.55,2026-06-07,False
B344999338048300,164.859.370-48,Davi Jesus,82.95,2026-06-07,False
B451566720825617,725.803.491-97,Ana Luiza Souza,794.5,2026-06-07,True
B878458048671869,657.038.294-29,Mathias Guerra,789.21,2026-06-07,True
B567342103366348,620.457.938-00,Francisco Albuquerque,131.15,2026-06-07,False
B079572439953354,512.630.947-16,Samuel das Neves,409.15,2026-06-07,True
B949179073704984,938.625.710-68,Rael Carvalho,456.39,2026-06-07,False
B072974518720533,381.964.057-66,Maitê Macedo,40.95,2026-06-07,True
B818177563054890,920.745.618-49,Cauã Sampaio,651.27,2026-06-07,True
B731768217884722,850.632.749-00,Raquel das Neves,38.77,2026-06-07,True
B454735556827791,214.039.865-33,José Pedro Cunha,556.86,2026-06-07,True
B687569913893030,243.815.970-79,Sr. Antony Pinto,37.17,2026-06-07,True
B598423118989474,023.674.581-62,Emanuel Castro,11.07,2026-06-07,True
B193983450703519,179.620.845-02,Arthur Miguel Porto,776.61,2026-06-07,False
B172795477493810,089.375.164-20,Caroline Borges,270.93,2026-06-07,True
B318669569950308,032.497.156-70,Diogo Nunes,272.03,2026-06-07,True
B313478535180432,582.317.406-35,Breno Teixeira,605.41,2026-06-07,True
B421253367301541,045.879.326-47,Luigi Sampaio,454.95,2026-06-07,True
B034903189645995,491.837.265-19,Otto Silva,833.49,2026-06-07,False
B071226054582061,279.504.631-80,Sr. Benício Albuquerque,753.12,2026-06-07,True
B128676079019665,371.698.240-78,Diego Fonseca,289.92,2026-06-07,True
B526526651793952,184.932.675-46,Olívia Aragão,328.43,2026-06-07,False
B832136278889520,374.926.018-40,Eloah Cardoso,877.87,2026-06-07,True
B846912667584427,932.618.704-78,Dr. Lorenzo Azevedo,212.22,2026-06-07,False
B075403779390980,861.472.350-44,João Lucas Albuquerque,412.1,2026-06-07,False
B040843426389043,305.174.286-44,João Felipe da Rocha,676.67,2026-06-07,False
B640497993802975,035.217.698-95,Bárbara Cardoso,705.6,2026-06-07,False
B883831596878786,437.260.591-99,Antony Silva,517.76,2026-06-07,False
B796816144460438,346.578.901-66,Ayla da Paz,268.27,2026-06-07,True
B504324619529720,810.743.296-78,Rhavi Melo,763.9,2026-06-07,True
B808339013732203,804.526.319-98,José Miguel Martins,193.97,2026-06-07,False
B239028809310206,976.853.401-00,Matteo Moreira,392.86,2026-06-07,True
B706901268509098,041.239.875-32,Lívia Moura,457.22,2026-06-07,False
B379947916108431,835.074.612-26,Rebeca Garcia,146.09,2026-06-07,False
B526508377896789,815.367.209-68,Gustavo Martins,801.37,2026-06-07,True
B772439437587705,602.571.489-49,Dr. Gael Henrique Gonçalves,105.49,2026-06-07,True
B981845965230921,340.682.519-24,Luiz Gustavo da Cruz,925.37,2026-06-07,True
B213084244603257,451.280.679-20,Bryan Barros,267.7,2026-06-07,False
B260507424868361,574.681.302-80,Dra. Maria Flor Correia,758.9,2026-06-07,False
B021346696184001,729.510.683-95,Ana Laura Monteiro,891.54,2026-06-07,False
B957271450873103,524.097.163-34,Dr. Caleb Novaes,881.35,2026-06-07,True
B781436074026175,032.461.785-26,Melissa Silva,419.93,2026-06-07,True
B150205938074407,358.061.274-35,Dra. Mariane Cavalcante,918.51,2026-06-07,False
B042201059306323,981.473.602-31,Liz Lima,400.38,2026-06-07,True
B097182540992662,810.362.574-44,Oliver Moreira,200.29,2026-06-07,False
B143869494102581,401.357.268-08,Ágatha Albuquerque,715.71,2026-06-07,False
B238367353852033,107.349.582-50,Dr. Juan da Costa,441.36,2026-06-07,False
B489858546101100,832.705.619-03,Paulo Vieira,423.18,2026-06-07,True
B704231806279464,527.810.649-20,Maria Clara Sampaio,126.82,2026-06-07,True
B384976914297068,987.130.425-05,Dr. João Vitor Moreira,878.56,2026-06-07,True
B316930174884920,502.814.397-88,Fernando Freitas,657.07,2026-06-07,False
B834007149416425,392.716.845-91,Kaique Leão,121.15,2026-06-07,True
B696886875782743,019.624.758-67,Dr. Gabriel Monteiro,329.34,2026-06-07,True
B317409283835317,851.067.239-30,Dra. Alícia Mendonça,46.65,2026-06-07,True
B121458241902736,250.987.316-40,Juan Siqueira,756.37,2026-06-07,False
B413919602273798,735.610.842-90,Asafe Siqueira,991.04,2026-06-07,True
B707649934409903,674.310.592-99,Ravy Viana,47.52,2026-06-07,False
B649103561531762,127.964.503-25,Lorena Rezende,127.96,2026-06-07,False
B511158060596847,548.793.602-10,Bruno Sousa,736.53,2026-06-07,False
B546039008980678,718.594.630-10,Dr. Danilo Leão,94.92,2026-06-07,True
B265258088741352,490.132.675-99,Dr. Leonardo Macedo,508.23,2026-06-07,True
B477644635995402,241.769.385-28,Lucas Gabriel Vasconcelos,840.86,2026-06-07,True
B377864405927518,153.790.628-30,Sr. Gael Ferreira,162.36,2026-06-07,True
B782761597857259,143.056.298-60,Marcos Vinicius da Cruz,70.81,2026-06-07,True
B804110200911634,294.630.587-29,Stephany Freitas,958.94,2026-06-07,False
B981908091770152,320.859.476-38,Samuel Teixeira,56.27,2026-06-07,True
B613941592751087,190.547.836-48,Sra. Milena Monteiro,755.03,2026-06-07,True
B384982801784650,275.403.869-83,Esther Andrade,462.3,2026-06-07,True
B053672718900271,423.097.586-47,Ravy Alves,457.44,2026-06-07,False
B538621036028743,245.179.368-64,Stephany Casa Grande,571.93,2026-06-07,False
B879753705441754,178.345.906-93,Miguel Sousa,583.28,2026-06-07,False
B898711831838808,951.287.436-91,Sra. Laís Cirino,627.31,2026-06-07,False
B325282259521299,945.237.608-29,Eduarda das Neves,590.52,2026-06-07,True
B686074935943900,260.398.417-96,Benicio Ramos,404.95,2026-06-07,False
B014549993135188,864.719.302-40,Anna Liz Pacheco,165.34,2026-06-07,False
B714025287109045,053.194.678-93,Marcela Alves,734.88,2026-06-07,False
B141003093917704,623.081.957-03,Juan Nascimento,434.55,2026-06-07,False
B044817825558813,367.214.058-90,Ana Julia Ramos,570.08,2026-06-07,True
B713671229312422,503.748.291-79,Raquel da Cunha,385.18,2026-06-07,False
B450973398175035,028.593.467-83,Rafael da Rocha,460.0,2026-06-07,False
B587578602442390,952.461.703-06,Paulo Borges,144.12,2026-06-07,False
B854306860622202,310.968.245-15,Otto da Rosa,966.08,2026-06-07,True
B033820760124851,594.370.621-61,Mariane Pires,524.33,2026-06-07,False
B105733253564293,157.062.483-62,Maria Eduarda da Luz,309.36,2026-06-07,False
B930355309585328,914.756.083-57,Diego Jesus,476.85,2026-06-07,True
B842929468023571,812.605.439-51,Valentina Sousa,991.91,2026-06-07,False
B989988351203155,057.341.896-93,Davi Freitas,943.18,2026-06-07,True
B617407277030517,805.491.273-05,Murilo Pinto,651.57,2026-06-07,True
B563376133549879,673.958.104-57,Clarice Rios,545.64,2026-06-07,False
B501942971829169,730.914.658-10,João Felipe Mendonça,835.94,2026-06-07,False
B670828747772697,072.894.561-49,Nina da Cunha,946.9,2026-06-07,False
B870956431876832,526.917.483-91,Luara das Neves,383.41,2026-06-07,False
B364273121545766,872.563.041-53,Dr. Davi Lucca Mendonça,181.17,2026-06-07,True
B041241044483865,813.690.275-59,Agatha da Conceição,653.09,2026-06-07,False
B213610483316119,895.123.604-89,Stella Carvalho,783.19,2026-06-07,True
B715687146160739,710.635.294-25,Aurora Albuquerque,788.85,2026-06-07,False
B168146501590457,160.874.539-20,Cauê Gonçalves,45.65,2026-06-07,True
B172370590335042,190.824.567-02,Miguel da Cruz,606.92,2026-06-07,False
B992188478566919,610.279.385-40,Miguel Ramos,737.32,2026-06-07,False
B469453544845144,059.386.241-42,Arthur Gabriel Pastor,337.69,2026-06-07,True
B309125440904307,719.365.482-91,Davi Cunha,199.36,2026-06-07,False
B797454620733356,153.809.462-24,Carlos Eduardo Rezende,426.32,2026-06-07,False
B583276587872704,879.236.405-56,Renan Abreu,149.32,2026-06-07,False
B133554834658715,473.218.659-91,Ravi Ramos,956.98,2026-06-07,True
B045810368475015,725.406.138-53,Luan Montenegro,201.58,2026-06-07,False
B916001136620123,953.064.718-20,Arthur Miguel Câmara,315.08,2026-06-07,False
B244355866569304,743.528.016-07,Anthony Gabriel Rezende,878.43,2026-06-07,True
B978885211390682,529.634.781-19,André Guerra,77.69,2026-06-07,True
B812504654828199,785.962.134-73,Pedro Miguel Viana,920.95,2026-06-07,False
B260543469156288,615.924.387-09,Danilo Fogaça,698.68,2026-06-07,True
B377338113646789,492.576.183-82,Thales da Rosa,808.74,2026-06-07,False
B941845524613705,238.549.607-00,Heitor Montenegro,221.12,2026-06-07,False
B202973394386407,087.621.354-90,Sr. Henry Gabriel Cavalcante,403.85,2026-06-07,False
B024522323554758,026.984.715-49,Benjamim da Luz,753.49,2026-06-07,False
B330147137272825,417.280.593-05,Maria Sophia Dias,292.5,2026-06-07,True
B101741891342466,730.894.561-84,Raquel Nunes,464.05,2026-06-07,True
B002878169185530,364.905.781-66,Carlos Eduardo Montenegro,591.92,2026-06-07,False
B723579776520452,452.793.806-10,Daniel da Rosa,606.72,2026-06-07,True
B981487243423556,521.894.306-15,Srta. Ana Sá,567.21,2026-06-07,False
B570826190747051,864.102.379-87,Gabrielly Vargas,462.23,2026-06-07,True
B796063178173212,390.278.645-00,Thales das Neves,46.27,2026-06-07,False
B613416166467266,561.382.049-05,Letícia Siqueira,312.98,2026-06-07,False
B932529393767786,537.496.810-66,Otto Camargo,867.27,2026-06-07,False
B177335621946376,825.736.910-12,Pedro Carvalho,912.73,2026-06-07,False
B723637804778518,061.792.584-49,Anna Liz Guerra,119.47,2026-06-07,True
B059297762563195,824.961.305-89,Vinícius Nogueira,673.82,2026-06-07,True
B646244175614947,830.524.976-00,Evelyn Fernandes,303.49,2026-06-07,False
B059800919969704,138.654.072-26,Natália da Costa,612.52,2026-06-07,True
B853821425554056,683.759.410-93,Lucca Vargas,440.1,2026-06-07,False
B131834791965605,175.236.409-07,Luiz Felipe Vasconcelos,792.85,2026-06-07,False
B606819039136283,234.798.105-60,Maria Sophia Guerra,899.77,2026-06-07,False
B791115722221537,953.421.876-64,Sr. Rafael Guerra,366.95,2026-06-07,False
B115900170540414,569.714.208-02,Vitor Gabriel Oliveira,373.23,2026-06-07,False
B833101019898908,085.197.234-97,Asafe Garcia,145.28,2026-06-07,False
B526277899381385,316.590.824-98,Henrique Cassiano,621.83,2026-06-07,False
B702205497037622,419.065.382-98,Olivia Almeida,524.63,2026-06-07,False
B086435937723130,495.287.031-60,Dr. Breno Dias,724.46,2026-06-07,True
B524195880569028,789.241.350-23,Francisco Ribeiro,844.23,2026-06-07,False
B109582469661681,912.570.634-99,Dra. Ana Luiza Guerra,174.47,2026-06-07,False
B148760382321442,076.914.285-02,Pedro Almeida,823.06,2026-06-07,True
B409416527097070,348.609.527-74,Otto Monteiro,345.52,2026-06-07,False
B256141766393913,637.542.810-62,Dr. Lucas Gabriel Cunha,979.65,2026-06-07,True
B403231450436844,381.640.925-33,Caroline Leão,202.03,2026-06-07,False
B683484156120110,357.468.091-01,Augusto Rodrigues,536.82,2026-06-07,False
B104228584891669,086.359.724-65,Maria Vitória Gomes,563.57,2026-06-07,False
B011341660792065,162.570.398-86,Gael Henrique Pires,908.61,2026-06-07,True
B230794478060710,063.974.258-00,Bryan Pinto,384.32,2026-06-07,True
B217486439115165,470.685.239-00,Carolina Nogueira,707.8,2026-06-07,True
B539504227015047,231.480.567-44,Anna Liz Sampaio,181.72,2026-06-07,False
B789256885063888,293.156.804-05,Asafe Martins,529.24,2026-06-07,False
B943425298348307,965.302.174-52,Lucas Ramos,947.41,2026-06-07,False
B474569833279505,032.891.457-60,Mariana Porto,267.46,2026-06-07,True
B868541105195383,547.213.890-60,Olívia Souza,349.35,2026-06-07,False
B380692498319561,309.476.125-99,Yuri Garcia,532.9,2026-06-07,False
B793289522454056,186.520.734-90,Enzo das Neves,19.89,2026-06-07,False
B977521505067698,697.312.804-13,Juan Pires,687.16,2026-06-07,False
B660692047401677,371.894.602-50,Vitor Hugo Novaes,577.81,2026-06-07,False
B754868141595886,453.871.209-41,Leandro Pimenta,792.48,2026-06-07,True
B903575388072092,039.821.746-78,Melina Ferreira,526.17,2026-06-07,False
B555225833882338,395.160.427-16,Diogo Moreira,307.65,2026-06-07,False
B561813056380795,250.768.139-02,Vitor Hugo Dias,688.78,2026-06-07,True
B283626585237136,408.371.652-53,Cauã Ribeiro,852.96,2026-06-07,True
B725477798628110,091.376.854-57,Marcos Vinicius Pinto,998.92,2026-06-07,False
B503746356792969,467.953.218-19,Esther Pimenta,856.42,2026-06-07,True
B916807364965112,425.963.108-05,Nathan Abreu,688.16,2026-06-07,True
B081386452014973,652.018.394-60,Manuela Ferreira,323.48,2026-06-07,False
B898492681971656,097.325.814-41,Eloá Fonseca,352.97,2026-06-07,False
B100431999906434,612.497.380-40,Gabriela Dias,127.74,2026-06-07,False
B159082743907070,354.271.960-99,Benício Siqueira,304.51,2026-06-07,True
B709473998872583,426.179.835-28,Arthur Miguel Nunes,758.47,2026-06-07,False
B791836434632945,926.481.573-28,Yuri Dias,253.87,2026-06-07,True
B069730537202119,760.491.328-87,Sr. Otto Silveira,372.07,2026-06-07,True
B760765032179593,284.390.516-89,Isaac Freitas,338.19,2026-06-07,True
B853477663611646,019.345.872-14,Elisa Santos,383.31,2026-06-07,True
B813401248269559,648.031.752-17,Anthony Gabriel Fonseca,713.87,2026-06-07,False
B864770470761752,034.875.916-93,Asafe da Mota,508.47,2026-06-07,True
B749276636968492,614.853.702-80,Rodrigo Campos,911.91,2026-06-07,False
B395016904077080,091.853.627-86,Dr. Oliver Sá,942.24,2026-06-07,False
B310215522722596,349.517.682-91,João Lucas Lopes,886.07,2026-06-07,True
B167479897477470,046.539.712-34,Maria Fernanda Câmara,414.63,2026-06-07,True
B355911271784221,735.180.946-10,Yuri Novais,756.07,2026-06-07,True
B456876645956571,157.629.408-02,Mathias Cunha,311.74,2026-06-07,False
B058375334826256,581.940.726-11,Isadora Sales,563.82,2026-06-07,False
B880843589372652,076.134.825-53,Marina Camargo,546.97,2026-06-07,True
B224502310737938,102.397.458-41,Thomas Fogaça,275.4,2026-06-07,False
B798483304351016,071.429.568-01,Maria Eduarda Araújo,729.72,2026-06-07,False
B709799052473165,156.824.739-73,Isabela Gomes,683.89,2026-06-07,False
B708967173597008,487.130.659-39,Anthony Gabriel Sá,88.91,2026-06-07,True
B786253993093367,512.806.974-58,Noah Moreira,298.37,2026-06-07,True
B263275740586789,143.279.568-64,Davi Lucas Ramos,848.68,2026-06-07,False
B573952197600846,364.195.207-70,Marcos Vinicius Teixeira,715.46,2026-06-07,True
B163078189569164,976.012.534-06,Diogo Fogaça,914.32,2026-06-07,True
B254102173028723,524.890.361-06,Ana Carolina da Paz,150.89,2026-06-07,False
B750707974058769,357.210.896-95,Dra. Maria Alice Silva,193.79,2026-06-07,False
B071002299752385,031.746.952-52,Lorenzo da Rocha,416.79,2026-06-07,True
B421844747737580,190.842.365-05,Stella Pastor,341.25,2026-06-07,True
B374707221707413,301.786.249-69,Maria Helena da Cunha,568.61,2026-06-07,False
B614894962466102,098.725.461-85,Natália Camargo,331.81,2026-06-07,True
B977483086788886,726.109.435-80,Ian Cavalcante,45.08,2026-06-07,False
B848193238291478,537.619.402-70,Sr. Ravy Pereira,818.17,2026-06-07,False
B151205142373069,086.537.192-02,Ana Clara Almeida,223.56,2026-06-07,False
B227849602416595,159.248.076-49,Lívia Rezende,155.83,2026-06-07,True
B433439379619449,120.974.583-60,Maria Sophia Araújo,353.79,2026-06-07,False
B697131777313507,479.682.310-78,Júlia Nascimento,57.38,2026-06-07,True
B707740897090302,281.460.795-20,Henrique Duarte,739.1,2026-06-07,False
B103718608198078,247.961.805-67,Emilly Aragão,168.95,2026-06-07,True
B731621069269547,492.135.678-55,Luiz Felipe Siqueira,655.89,2026-06-07,False
B659236041209526,627.580.934-56,Dr. Dante Machado,281.18,2026-06-07,True
B721542410667792,092.647.381-69,João Felipe Correia,686.26,2026-06-07,True
B789827986102062,570.418.932-60,Ana Julia Dias,856.45,2026-06-07,True
B601421600583234,972.465.081-20,Emilly Duarte,300.26,2026-06-07,True
B967541315153711,267.398.410-04,Nathan Borges,118.07,2026-06-07,True
B683652650618033,962.813.705-03,Pedro Pimenta,481.16,2026-06-07,False
B331231400896270,380.574.261-44,Julia Peixoto,750.6,2026-06-07,False
B165247535689176,462.780.593-47,Caroline Fonseca,11.97,2026-06-07,True
B875296595240157,391.287.406-96,Benício Albuquerque,660.04,2026-06-07,False
B122299405563128,834.260.159-51,Bento da Cruz,281.47,2026-06-07,False
B023564605470712,276.904.183-50,Henry Guerra,840.32,2026-06-07,True
B100068326505159,640.719.528-49,Olívia Viana,935.3,2026-06-07,False
B498436499956153,384.720.915-97,Natália Silveira,562.52,2026-06-07,False
B853513260030378,367.245.819-82,Raquel Borges,348.91,2026-06-07,False
B280911880445264,749.026.135-06,Mathias Novais,842.2,2026-06-07,True
B316438877264721,349.681.052-15,Sr. Augusto Macedo,72.77,2026-06-07,True
B003647115410564,341.280.596-33,Hellena Nunes,135.34,2026-06-07,False
B724076359075429,630.487.592-47,Natália da Luz,100.47,2026-06-07,False
B743167478052214,620.539.187-21,Dr. Gustavo Borges,55.48,2026-06-07,False
B943068243096585,831.479.025-79,Emanuella Freitas,335.87,2026-06-07,False
B208827100100035,981.427.053-97,Dra. Gabriela Leão,526.08,2026-06-07,True
B516560607094665,823.196.704-40,Ravi Silva,869.92,2026-06-07,False
B998744886369577,295.143.687-46,Heloísa Vargas,308.66,2026-06-07,False
B048073596858216,609.843.215-51,Danilo da Rosa,697.24,2026-06-07,False
B626861249540732,264.053.918-33,Cauê Rocha,318.37,2026-06-07,True
B000653004256505,372.186.495-64,Maya Almeida,699.45,2026-06-07,True
B275798516546911,064.572.183-26,Sarah da Rosa,257.6,2026-06-07,True
B984152295346064,708.346.925-38,Isabel Pinto,702.45,2026-06-07,False
B672635760884064,985.074.163-57,Stella Souza,216.17,2026-06-07,False
B096328512512044,174.980.265-11,Maria Fernanda Pereira,310.69,2026-06-07,True
B915944511597398,095.831.724-05,Milena Moraes,488.11,2026-06-07,True
B764690908970569,435.981.260-42,Bernardo Cavalcante,364.1,2026-06-07,True
B587443673726000,876.501.493-66,Caleb Fernandes,43.94,2026-06-07,True
B134400874094127,029.631.574-52,João Miguel da Conceição,899.3,2026-06-07,False
B140563466696061,184.206.975-67,Srta. Milena Sousa,291.08,2026-06-07,False
B373122475135109,546.029.781-85,Rafaela Silva,572.08,2026-06-07,False
B355285361333988,152.837.940-32,Carlos Eduardo Moura,774.0,2026-06-07,False
B219546581368316,817.620.495-11,Sra. Maria Helena Rodrigues,851.67,2026-06-07,False
B510995227431268,351.826.074-07,Matteo Pires,173.57,2026-06-07,True
B622192363677799,798.041.265-67,Francisco Pinto,530.39,2026-06-07,True
B335443510939358,504.823.619-05,Dra. Giovanna Aparecida,704.19,2026-06-07,False
B187397050104028,794.306.185-39,Yan da Rosa,459.42,2026-06-07,False
B302188783705568,384.197.205-50,Dr. Thomas da Mata,702.79,2026-06-07,True
B487218064195666,310.527.864-80,Yago Ferreira,229.36,2026-06-07,False
B094098351136166,795.048.162-58,Levi Castro,980.79,2026-06-07,True
B192736104144300,872.961.504-67,Theodoro Duarte,251.24,2026-06-07,False
B183965394870789,571.420.386-08,Mariana Araújo,466.55,2026-06-07,False
B461901414299570,763.841.590-66,Thiago Mendonça,428.33,2026-06-07,False
B682726729043044,790.283.641-96,Pietra Pastor,564.02,2026-06-07,True
B177351715603223,417.802.593-79,Erick Caldeira,122.08,2026-06-07,True
B471742101193782,594.208.673-74,Laura Sampaio,505.99,2026-06-07,False
B957813353492088,023.416.795-52,Otávio Peixoto,467.64,2026-06-07,True
B754915953810256,946.328.751-55,Anthony Pacheco,455.97,2026-06-07,True
B174452912213969,172.460.835-53,André Azevedo,494.23,2026-06-07,False
B444545436575172,126.705.943-52,João Guilherme Rezende,137.87,2026-06-07,False
B866667889582463,731.285.964-09,Helena Ribeiro,702.63,2026-06-07,True
B264590855835152,714.632.589-09,Maria Flor Mendonça,202.73,2026-06-07,False
B743100234333427,906.143.258-89,Raul Rocha,474.85,2026-06-07,True
B722872470199991,715.026.398-40,Yan Aragão,179.21,2026-06-07,True
B171184747180920,702.198.635-12,Dom Casa Grande,218.13,2026-06-07,True
B587007766715662,405.893.216-33,Antonella da Mota,527.49,2026-06-07,True
B026394867088976,596.317.480-57,Camila Rezende,331.3,2026-06-07,True
B608124306672692,891.273.046-04,Dr. Heitor Rodrigues,124.12,2026-06-07,True
B887946447461212,820.956.731-40,Alícia Araújo,105.85,2026-06-07,True
B798960822951587,271.834.056-80,Sophie Montenegro,276.65,2026-06-07,True
B798068022884161,905.182.746-67,Aylla Macedo,202.46,2026-06-07,False
B936514279624332,604.753.189-00,Srta. Catarina Aragão,274.22,2026-06-07,False
B998359981164122,142.695.380-15,Rhavi Gonçalves,258.81,2026-06-07,True
B625617363189069,257.183.069-40,Brenda Sales,534.5,2026-06-07,True
B308765864414812,471.580.632-08,Liz Lima,801.72,2026-06-07,False
B495166281930611,520.964.871-02,Srta. Ana Luiza da Cruz,785.23,2026-06-07,False
B263523953984522,603.749.812-13,Sra. Maria Cecília Duarte,486.89,2026-06-07,True
B977001732776589,087.349.256-00,Amanda Montenegro,606.47,2026-06-07,False
B866804580151250,705.142.839-04,Luiz Fernando Jesus,491.97,2026-06-07,True
B649469346490938,761.385.429-91,Antony Vieira,530.0,2026-06-07,False
B127414581611137,567.481.239-09,Matheus Camargo,630.34,2026-06-07,False
B853352987238131,496.021.573-99,Sra. Caroline Nunes,225.65,2026-06-07,False
B892323462768544,542.893.170-14,Eduardo Câmara,371.25,2026-06-07,False
B936900683745246,024.597.631-07,Marcos Vinicius Sampaio,227.78,2026-06-07,True
B891561627088645,843.629.517-09,Davi Lucca Porto,213.1,2026-06-07,False
B311991165059990,260.497.315-43,Luigi Costa,17.72,2026-06-07,False
B311585444707197,205.946.713-61,Dra. Beatriz Pires,671.68,2026-06-07,True
B054754048225737,891.365.742-28,Milena Guerra,147.33,2026-06-07,False
B761775927886598,790.613.854-66,Antony Peixoto,208.64,2026-06-07,False
B480321215922883,296.580.734-92,Ana Laura Azevedo,709.27,2026-06-07,True
B935090343319668,843.261.759-82,Eloá Novais,824.61,2026-06-07,False
B163318923090279,462.789.503-83,Srta. Maria Fernanda da Conceição,998.72,2026-06-07,True
B685406993150582,950.328.671-95,Pietra Garcia,640.34,2026-06-07,True
B974103832457212,469.721.038-78,Maya Nascimento,893.82,2026-06-07,False
B492050204469316,297.450.638-00,Sr. Luiz Gustavo Araújo,823.36,2026-06-07,False
B564346338500445,380.974.126-40,Maria Laura Leão,451.57,2026-06-07,False
B778311645537248,143.702.589-79,Bruna Melo,99.38,2026-06-07,False
B493114086480118,781.243.095-23,Gael Câmara,265.26,2026-06-07,False
B067995531042253,537.429.180-79,Murilo Peixoto,566.58,2026-06-07,True
B544943043102519,847.620.519-85,Matheus Vasconcelos,454.83,2026-06-07,True
B238270118710573,381.270.965-12,Igor Machado,924.84,2026-06-07,False
B950712259421510,231.594.680-89,Dra. Yasmin Pires,276.32,2026-06-07,False
B439330658003846,728.315.690-95,Davi Lucca Cavalcante,425.36,2026-06-07,True
B139063219471560,456.189.032-70,Asafe da Rocha,897.52,2026-06-07,False
B740633491871327,397.850.612-21,José Teixeira,860.18,2026-06-07,False
B888033182178484,072.134.869-69,Raul Sampaio,208.9,2026-06-07,True
B461919572979124,165.709.238-03,Paulo Dias,694.69,2026-06-07,True
B888046056672783,270.865.934-00,Isadora Barbosa,889.41,2026-06-07,True
B537621801012094,710.942.653-06,Rebeca Garcia,707.04,2026-06-07,True
B059799253458312,254.870.169-76,Vinicius Melo,836.18,2026-06-07,True
B875419278415594,423.617.985-73,Sr. Theo Jesus,129.78,2026-06-07,True
B051280323009416,901.357.624-99,Enrico da Conceição,714.56,2026-06-07,False
B734598051283258,520.743.916-25,Bryan Viana,73.98,2026-06-07,False
B409170303136419,834.716.905-57,Sr. Lucca da Cunha,189.38,2026-06-07,False
B485065016574559,370.928.541-05,Asafe Albuquerque,196.52,2026-06-07,True
B293339809828648,376.459.012-25,Dr. Leonardo Montenegro,80.19,2026-06-07,False
B973086884160759,670.852.913-03,Sr. Mathias Sousa,487.91,2026-06-07,False
B247699887101850,605.314.928-42,Davi Lucas Pastor,263.71,2026-06-07,False
B998429573670740,420.768.139-69,Cauã Fernandes,687.71,2026-06-07,False
B911321691650018,394.172.085-60,Maria Rocha,348.62,2026-06-07,True
B590404243462296,684.592.703-00,Otávio da Mota,403.5,2026-06-07,False
B461131247861938,496.023.715-52,Luana da Mata,895.37,2026-06-07,True
B279929622774197,479.351.028-05,Luiz Otávio da Cunha,766.47,2026-06-07,True
B503902713721766,375.261.049-25,Lucas Aragão,974.65,2026-06-07,True
B087059470985776,634.815.207-35,Maria Clara Mendonça,72.35,2026-06-07,True
B295660497912488,596.174.023-43,Ana Luiza Pimenta,610.43,2026-06-07,True
B686679498084198,710.483.295-50,Valentina Pastor,184.11,2026-06-07,False
B714580771484141,968.347.250-83,Cecilia Rezende,951.58,2026-06-07,True
B492174628433368,458.723.019-79,Paulo Cavalcanti,770.72,2026-06-07,False
B976800886247885,094.125.386-42,Camila Mendonça,353.27,2026-06-07,False
B134629436699458,132.407.956-80,Melina Nogueira,934.89,2026-06-07,False
B223680744826285,823.607.541-90,Manuela da Costa,610.54,2026-06-07,False
B226123555508552,760.348.519-39,Cauã Machado,442.5,2026-06-07,True
B162619107686768,102.986.735-68,João Gonçalves,744.92,2026-06-07,True
B018374582243880,953.078.462-74,Henry Gabriel Correia,989.88,2026-06-07,False
B063341082387895,692.157.083-59,Maria Laura Caldeira,778.69,2026-06-07,True
B577588316288065,815.734.069-10,Dr. Vicente Cavalcanti,823.67,2026-06-07,True
B119566766836936,096.842.731-69,Júlia Casa Grande,985.74,2026-06-07,False
B162661255406704,845.790.362-47,Heitor Melo,549.13,2026-06-07,False
B632490272627194,754.830.612-17,André Siqueira,189.63,2026-06-07,False
B687302237343496,237.059.164-16,Lunna Sampaio,504.8,2026-06-07,False
B494445696976002,821.460.937-22,Ana Cecília Camargo,414.51,2026-06-07,True
B807001711600315,147.382.906-22,Dra. Liz Silva,564.46,2026-06-07,False
B611547290396509,684.572.039-83,Larissa Barros,626.25,2026-06-07,False
B643984875288086,074.953.281-50,Mateus Nogueira,771.42,2026-06-07,True
B923141769622915,490.627.358-00,Allana Costela,569.56,2026-06-07,True
B899497323261476,318.695.240-98,Murilo Guerra,895.66,2026-06-07,False
B316656836920186,127.045.693-80,Mathias Marques,211.12,2026-06-07,False
B829929893240138,802.456.973-65,Dante Jesus,617.85,2026-06-07,True
B894014057566424,782.905.164-01,Agatha das Neves,901.38,2026-06-07,True
B751167568239918,302.786.451-35,José Garcia,925.7,2026-06-07,False
B218199775623981,128.094.675-01,André Sampaio,320.49,2026-06-07,True
B489316472847898,426.817.053-71,Yuri Vasconcelos,407.69,2026-06-07,False
B810689744649587,896.014.237-96,Matheus Aragão,816.29,2026-06-07,True
B677183194612466,594.716.023-43,Vitória Vargas,47.25,2026-06-07,False
B936583528575977,861.925.734-09,Allana Barbosa,560.6,2026-06-07,True
B286681037462747,621.937.580-77,Lucas Dias,779.65,2026-06-07,False
B118282886063053,375.962.814-19,Eduarda Sampaio,680.44,2026-06-07,True
B402160338530108,784.261.350-80,Maria Luiza Sampaio,169.97,2026-06-07,True
B898008109256961,973.682.405-56,Agatha Cassiano,741.39,2026-06-07,True
B544388781154475,143.059.728-32,Emilly Montenegro,418.36,2026-06-07,True
B509187412394412,298.405.361-33,Brayan Melo,485.96,2026-06-07,False
B301729031262982,851.247.603-62,Ian Almeida,139.08,2026-06-07,True
B338287841427386,954.076.281-20,Juan Farias,727.52,2026-06-07,False
B849429128349281,649.820.753-10,João Miguel Dias,742.49,2026-06-07,False
B893758541594032,819.052.674-01,Leandro Aragão,562.91,2026-06-07,False
B898263456792161,824.671.095-85,Yuri Sampaio,402.71,2026-06-07,True
B008802370648716,230.798.651-03,Sra. Allana Teixeira,227.66,2026-06-07,True
B413395075156287,234.875.019-88,Davi Lucas Cardoso,759.36,2026-06-07,False
B969031919929374,240.351.967-70,Júlia Moreira,739.37,2026-06-07,True
B784737152994625,186.530.742-44,Vinicius Pastor,713.26,2026-06-07,False
B032517527726601,197.836.504-75,Sabrina Sá,739.86,2026-06-07,False
B244561759583900,423.185.796-28,Natália Jesus,880.31,2026-06-07,True
B673120701188771,185.639.274-00,Ester Aparecida,609.11,2026-06-07,False
B214690550751926,164.079.853-66,Emanuelly da Mata,680.1,2026-06-07,False
B807152073351904,926.873.154-19,Aylla Borges,771.66,2026-06-07,False
B501443012404574,206.894.357-38,Maria Laura Nascimento,655.52,2026-06-07,True
B980737626118469,718.965.230-21,Dr. João Guilherme Campos,393.72,2026-06-07,False
B018825753605010,318.742.506-26,Liam Carvalho,490.12,2026-06-07,True
B428897041750339,283.790.164-40,Dr. Cauê Mendonça,890.68,2026-06-07,True
B985088139638683,591.768.423-55,Sr. Matheus Silveira,474.73,2026-06-07,True
B847809700460764,162.379.085-95,Davi Lucas da Costa,19.94,2026-06-07,False
B842772654295495,923.816.075-95,Francisco Pires,215.31,2026-06-07,False
B941327106613246,027.961.384-96,Ágatha Dias,280.6,2026-06-07,False
B137398882591805,387.291.465-00,Maria Isis Fonseca,787.22,2026-06-07,False
B108953929092128,617.930.582-02,Maria Fernanda Brito,356.95,2026-06-07,False
B560036436200493,375.086.214-17,Davi Luiz Rezende,234.11,2026-06-07,True
B273044999285558,485.290.731-50,Eduarda da Rocha,286.91,2026-06-07,True
B099106002148113,173.260.958-68,Dr. Vinicius Camargo,843.94,2026-06-07,False
B781758889542683,092.476.851-76,Sr. Igor Novais,816.13,2026-06-07,False
B196082345338982,914.785.630-01,Benicio Dias,577.92,2026-06-07,False
B205230516397171,697.452.830-29,Nicolas Cassiano,875.47,2026-06-07,False
B935376706440989,512.690.874-01,Bárbara da Luz,169.29,2026-06-07,True
B290675656193470,082.754.193-79,Dra. Fernanda Vasconcelos,981.09,2026-06-07,False
B533557544872879,694.701.852-85,Rodrigo Araújo,177.4,2026-06-07,False
B638151020946449,014.283.976-04,Enzo Gabriel Guerra,788.34,2026-06-07,False
B081576168493355,029.418.765-02,Dr. Brayan Ferreira,497.96,2026-06-07,False
B575072706912337,231.059.746-52,Lunna Pacheco,40.86,2026-06-07,False
B371980052770881,789.302.451-88,Maria Laura da Cunha,594.71,2026-06-07,False
B478950716059050,086.934.175-84,Ravi Lucca Melo,206.83,2026-06-07,False
B891168777823539,375.248.106-44,Ana Ramos,894.17,2026-06-07,True
B795059861070743,673.190.845-20,Dra. Isis Araújo,201.12,2026-06-07,True
B096168068673454,210.697.853-77,Ana Júlia da Costa,829.92,2026-06-07,True
B602820455095786,436.758.092-00,Davi Lucca Teixeira,550.05,2026-06-07,True
B841655056421631,963.087.241-22,Rafael Novaes,679.81,2026-06-07,True
B503074814110143,294.760.385-00,Sr. Ravi Lucca Leão,533.08,2026-06-07,False
B077569143761496,370.964.251-52,Ravi Santos,560.8,2026-06-07,True
B952848856019719,592.361.804-42,José Pedro Azevedo,279.06,2026-06-07,False
B481601271864876,086.134.975-00,Dr. Matheus Cavalcante,947.59,2026-06-07,False
B667977783084563,479.683.512-19,Samuel Teixeira,761.03,2026-06-07,True
B557308405174102,391.674.802-50,Dr. Joaquim da Mata,367.06,2026-06-07,True
B526751839953727,270.349.516-16,Léo Sampaio,435.97,2026-06-07,False
B787663170680659,780.194.536-01,Sra. Stella Cassiano,862.08,2026-06-07,False
B010186099518136,045.216.893-70,Davi Mendonça,630.56,2026-06-07,False
B427721116268849,160.893.247-87,Felipe Fonseca,282.71,2026-06-07,True
B352900132966526,042.978.563-10,Luiza Guerra,516.12,2026-06-07,False
B481447528711799,187.534.029-79,Maysa Cunha,700.9,2026-06-07,True
B293138782355035,420.918.567-11,José Miguel Ferreira,853.31,2026-06-07,False
B819002376864799,405.718.263-26,Renan Guerra,322.84,2026-06-07,False
B743640536021820,864.102.357-71,Pedro Lucas da Rosa,779.5,2026-06-07,True
B720017366560484,635.712.048-08,Ravi Lucca Pacheco,881.23,2026-06-07,False
B148234376116999,062.874.935-00,Stella Sales,196.67,2026-06-07,False
B266132366174053,436.295.078-83,Ana Clara Pinto,498.85,2026-06-07,False
B794530680171882,364.510.728-26,Ana Carolina Freitas,498.36,2026-06-07,False
B831422226502493,314.752.690-99,Isadora Costa,101.81,2026-06-07,False
B666641179889690,875.614.932-82,Yago Cavalcanti,674.11,2026-06-07,True
B533354482015701,459.327.681-00,Maria Cecília da Cruz,728.68,2026-06-07,False
B961686592243445,106.748.593-75,Leandro Garcia,991.43,2026-06-07,True
B612598963922119,872.046.531-90,Letícia Teixeira,767.1,2026-06-07,True
B315605080893923,867.439.051-00,Breno da Luz,972.17,2026-06-07,True
B120192817509889,129.475.308-88,Guilherme Costela,152.75,2026-06-07,False
B191721057600648,936.142.708-31,Thales Albuquerque,864.32,2026-06-07,False
B733102746102492,380.925.146-15,Natália da Paz,886.53,2026-06-07,True
B606383552776865,498.256.701-85,Miguel Vasconcelos,532.66,2026-06-07,True
B927879483808646,954.682.710-01,Mariane Araújo,641.24,2026-06-07,False
B842097924297697,296.017.385-68,Ana Julia Fogaça,808.18,2026-06-07,True
B557750709122552,160.895.723-30,Bianca Martins,927.12,2026-06-07,False
B163420489703439,259.603.814-51,Ravy da Cruz,246.42,2026-06-07,True
B225524072056023,078.945.612-58,Dra. Olivia Camargo,982.38,2026-06-07,False
B166530515781498,371.054.629-06,Paulo Macedo,142.14,2026-06-07,False
B139286505033960,317.840.956-48,Sra. Ana Beatriz Aparecida,736.47,2026-06-07,False
B227229182273970,039.456.817-66,Sr. João Gabriel Andrade,891.21,2026-06-07,True
B000175448997288,497.658.012-11,Dra. Hadassa Aparecida,549.19,2026-06-07,True
B328923245397975,032.458.697-38,Benicio Cunha,265.42,2026-06-07,True
B485830874877003,485.361.279-37,Isabelly Teixeira,116.76,2026-06-07,True
B867166276046680,765.210.489-02,Augusto Casa Grande,21.52,2026-06-07,True
